data,petroleo,asfalto,coque,gasolina,gasolina_aviao,GLP,lubrificante,nafta,oleo_combustivel,oleo_diesel,outros_energeticos,outros_nao_energeticos,parafina,querosene_aviao,querosene_iluminante,solvente
1/1/2000,7560971,92383.01248,153202,1332710,3107,553539,83540,899976,1240194,2559946,9516,73152,11295,276627,24662,17464
2/1/2000,7249374,120864.0614,143090,1488925,3287,550372,78861,858760,1218750,2231365,10647,69188,16470,341720,13735,29933
3/1/2000,8083484,117801.2315,150073,1561730,16509,582651,68270,899038,1448648,2605973,9708,84393,14455,350211,14798,32555
4/1/2000,7833292,133131.1364,157751,1453783,11024,566303,89345,991981,1323751,2576987,8997,69457,17283,301738,16943,51681
5/1/2000,7783285,151076.3202,157239,1545238,6350,600888,83752,884851,1317914,2635410,186,57815,8163,288354,15222,48377
6/1/2000,8081190,158321.9772,187297,1546508,2416,612213,80656,982141,1385219,2629680,4499,64310,13085,327466,18022,40888
7/1/2000,8196043,162291.8739,204487,1636440,6089,598965,76855,906435,1187234,2738671,497,75096,14340,325476,13019,50706
8/1/2000,8035865,178189.827,185526,1523980,6943,575010,63847,748292,1209305,2708274,8434,79442,11048,311379,18581,44299
9/1/2000,7368736,194963.3784,159194,1600458,6418,555961,74275,725463,1123414,2450251,24827,84709,11790,330750,15279,47478
10/1/2000,8240352,191134.5896,145073,1737382,2928,582269,85159,832575,1546605,2775704,10490,82510,15916,317671,17486,53604
11/1/2000,7547156,138844.3163,147834,1438743,13069,509289,61633,747630,1431599,2456061,2587,81637,10624,290048,17868,43179
12/1/2000,7990256,125205.4855,166881,1710466,7340,619559,69420,729887,1635297,2607789,3812,70707,7125,285084,17679,55481
1/1/2001,7928528,118497.2648,162473,1539926,6747,598220,67930,807354,1545224,2538515,1815,60181,4497,314169,17148,43969
2/1/2001,7475831,99334.1181,135499,1560129,9826,565587,63841,789555,1465530,2348923,17469,51126,1260,294207,17563,50389
3/1/2001,8374479,138482.5486,154717,1550977,9344,575459,80636,818981,1646229,2607186,11261,63211,11976,302137,21303,55863
4/1/2001,7702082,106442.1702,115787,1630224,6722,596307,76576,865503,1565347,2475266,11533,80831,11428,307136,20418,52738
5/1/2001,8126284,109221.4902,162349,1809625,9640,627005,66228,754767,1449022,2671874,18568,91036,10197,354205,19086,52498
6/1/2001,8037713,130625.4251,155217,1681133,13756,648492,81353,801791,1300024,2689632,9897,65001,14148,366503,15661,59871
7/1/2001,8496883,158583.3148,152090,1517270,3401,634727,99022,960909,1517154,2904556,12823,55609,15884,297964,14071,45049
8/1/2001,8526873,154263.7861,149896,1575922,6818,622751,70128,868513,1703231,3198948,6776,48748,12460,330306,21817,61586
9/1/2001,8312095,162514.7175,138070,1702046,6748,663573,63910,892172,1530314,3063690,7044,74445,10759,314385,19922,57025
10/1/2001,8342628,149613.1847,160044,1561429,3393,629635,58046,831065,1379946,3160191,3428,58755,10312,272265,23126,50990
11/1/2001,7619478,138716.9288,141536,1545443,6718,606714,42477,816191,1153717,2945578,7927,88309,7311,243671,22484,41213
12/1/2001,7790836,161928.4424,164824,1632647,10244,632829,67329,750405,1269495,2649520,21381,76454,9920,318408,19877,48668
1/1/2002,7935041,93371.46519,162307,1680375,10330,661111,66354,772518,1484024,2644666,2543,80616,12617,299022,21430,57718
2/1/2002,7439174,120456.7842,142263,1534569,11826,611672,50998,648884,1300230,2545662,95,75183,11452,247998,17138,50148
3/1/2002,8467276,142829.8048,164290,1574775,,665605,57473,738259,1533520,2952211,,76656,12057,316143,16300,62297
4/1/2002,7961903,138942.5947,159752,1595397,10452,657973,71935,727822,1362451,2818533,19540,65578,9313,318879,12468,53708
5/1/2002,7781705,139355.4459,151224,1617909,6793,635598,73814,788844,1263546,2780013,2570,76639,13808,314597,12716,62766
6/1/2002,7455483,181735.0388,126874,1461294,10255,595239,72163,709689,1368470,2487193,20161,85284,11366,277769,14968,61101
7/1/2002,8245077,155077.8611,151325,1610749,8253,683822,73756,787999,1508270,2804406,3882,104352,12321,367209,23797,63159
8/1/2002,8230964,159156.1958,154688,1573232,6394,609490,64113,730998,1438956,2910209,20817,82451,11937,329160,28239,51949
9/1/2002,7930126,150903.9019,149075,1428677,,543890,69149,693807,1232603,2792442,3654,84877,10072,343341,24043,54073
10/1/2002,8243134,154438.9596,150757,1558176,3494,664542,72556,750197,1374701,3022555,16634,105760,14049,345832,27923,54990
11/1/2002,8076430,136359.2504,148017,1552423,3606,648753,63897,788688,1307358,2921290,13701,103078,9435,288814,19849,54546
12/1/2002,7137349,92219.14284,156549,1581342,,668106,67777,676690,1185463,2529970,24640,95162,7884,176491,12200,61579
1/1/2003,7629135,72160.86399,140463,1555879,10587,683673,69934,786991,1242048,2640271,11296,99496,12250,304643,24727,61311
2/1/2003,7198488,70959.81662,133599,1312381,6885,603847,62442,795462,1329666,2358742,49141,82631,10979,328870,22348,89538
3/1/2003,8455505,82194.83315,126380,1477798,6922,701873,71109,859787,1583173,3077795,25124,105505,13358,336063,22215,83907
4/1/2003,8255863,80281.73515,153762,1413374,7414,684720,54043,767905,1479786,2876912,12657,114904,10054,326167,12838,76283
5/1/2003,7626902,92993.34683,155900,1545413,10216,635119,84169,677553,1222483,2888329,12363,120105,11696,307269,10663,86138
6/1/2003,7451514,83119.86891,150708,1568538,4258,646137,63150,624142,1250898,2761483,39025,101894,9393,266673,7093,78183
7/1/2003,8103517,113145.2204,155120,1493161,9558,668656,64470,753893,1322341,2956776,24122,115540,6806,296258,16175,91970
8/1/2003,7849031,106032.0693,149682,1459486,2143,683463,67312,724422,1288597,2902999,5918,108466,12913,345477,17949,91854
9/1/2003,8235467,126542.9467,154662,1543814,6742,694405,60664,854074,1396172,3029859,17004,113694,11235,275454,19442,83330
10/1/2003,8158353,120639.6922,148296,1497165,,683771,84523,767487,1286991,3171122,18645,116536,12464,314151,13366,72995
11/1/2003,7361474,102393.7722,152171,1397664,,615210,62549,728264,1026128,2886100,23,89646,10777,329135,11076,78861
12/1/2003,7692574,84862.83888,160460,1401656,7006,612046,62721,627457,1258471,2837154,14472,77437,10695,363973,17620,99284
1/1/2004,8543501,69653.42265,128839,1534394,11086,723445,61704,747481,1491258,3128261,10949,97385,9377,352440,9873,97477
2/1/2004,8090783,79651.77824,97771,1328793,3265,662825,55393,811458,1480536,3086718,,69615,8946,350951,15599,78883
3/1/2004,8703257,99768.72407,157574,1568699,13447,721677,66744,854408,1380008,3424308,,119464,12655,347186,12934,92878
4/1/2004,8562765,92679.59525,149530,1469450,13220,662398,60491,696344,1438290,3464256,15469,116180,13216,359146,8929,100236
5/1/2004,8207552,106731.214,158223,1349966,8622,652320,71002,719307,1313888,3308478,10213,100781,13318,316673,11412,96117
6/1/2004,7802738,100771.0098,138784,1366829,6381,611426,48732,735093,1113990,3013393,11228,103969,12367,339761,11947,92523
7/1/2004,8365561,144113.329,106632,1494765,3330,676213,67664,769711,1516353,2932620,41264,108880,9347,355042,6247,99399
8/1/2004,8557748,178968.3672,123235,1351107,3454,632165,75010,694774,1555375,2947646,23565,94081,12554,340631,3772,91256
9/1/2004,8364352,182069.3981,154188,1491645,4097,625761,53511,609349,1391913,3270237,16970,109319,12235,316503,5675,91748
10/1/2004,8999547,132046.9802,169261,1577116,2614,709678,65695,752922,1320287,3548981,8620,100766,11875,330903,14045,101655
11/1/2004,8091065,109175.1083,153964,1469419,,732880,62193,709802,1222472,3005477,9327,115935,12498,381515,5575,84950
12/1/2004,8616807,120252.1052,200897,1601097,10313,753566,71528,709960,1275754,3380309,3283,103285,15339,352418,8544,57219
1/1/2005,8480593,67412.08872,209091,1699114,13877,793177,58997,709547,1358886,3175437,14742,88627,6189,416127,5838,72126
2/1/2005,7595053,64956.38381,215795,1376124,6356,674520,61260,716286,1017553,2914793,16913,85945,5850,318902,5662,63986
3/1/2005,8745048,83033.56292,214350,1534184,6987,739518,42425,674821,1296284,3521830,2926,85168,9997,332494,6517,81626
4/1/2005,7669498,85996.56693,183664,1565439,6793,679050,74600,601322,1208709,2976139,7466,79006,9674,306912,2255,83792
5/1/2005,8145565,116365.6668,195452,1669633,9965,790808,70270,701406,1200097,3171278,6803,156854,12827,346275,6195,67647
6/1/2005,7859091,124686.3861,187953,1436285,6089,730657,59461,698383,1150190,3072274,22220,103453,11936,334477,3079,79134
7/1/2005,8696516,123758.1481,203067,1658323,6561,835353,70124,703308,1358971,3363048,8716,127364,14311,398922,3620,83314
8/1/2005,9259529,156001.6623,210194,1711147,3175,764571,69335,740640,1332823,3427341,30129,126495,9497,373134,6066,73139
9/1/2005,8661479,151184.2249,187327,1565061,,731278,80293,774487,1293836,3328118,1054,133284,13348,257798,7787,58210
10/1/2005,8931412,152047.7436,201290,1743659,,742210,74560,778227,1314608,3392200,,139951,18275,389936,4618,69743
11/1/2005,8400815,158769.7232,184867,1538367,,670482,66881,742426,1253069,3173785,4317,115174,13824,348495,3063,29280
12/1/2005,8569799,136578.8091,201831,1634332,10396,744544,73535,709184,1290474,3230714,17229,161557,14731,330979,3391,51467
1/1/2006,8747830,144358.2006,215118,1765588,7027,744513,74689,722572,1409253,3252590,33351,171477,13623,365207,4354,49318
2/1/2006,7634527,127280.4601,152112,1603052,14203,671638,49277,698393,1298747,2934017,9978,143720,9886,324881,3542,48797
3/1/2006,9108255,142315.9615,198222,1739003,7729,730456,67936,786262,1410256,3474319,,150734,11980,385720,2922,56488
4/1/2006,8494423,116928.6753,218770,1705625,6330,670131,71092,669506,1430180,3262426,,169420,10985,317725,2886,51022
5/1/2006,8888888,141369.4196,206018,1695697,3366,707064,51961,721075,1386179,3488925,19169,162923,9646,285684,2546,55038
6/1/2006,8536337,167257.2867,198638,1720925,3442,703808,52627,707952,1236468,3284359,23279,150504,8353,284338,4189,59846
7/1/2006,8453158,181204.705,195156,1751012,3386,756401,68822,750757,1242121,3283199,41556,170519,12538,281968,3987,55084
8/1/2006,8389935,208269.9769,197191,1715108,,730377,82005,724602,1246762,3214193,25897,162136,15763,326201,2741,44763
9/1/2006,8304776,201890.0275,190859,1647298,,664267,71644,765643,1084225,3182139,10073,174275,11914,303342,2266,39953
10/1/2006,8405046,147221.6881,213889,1655637,,632069,54390,727636,1089896,3324940,,177262,13217,273937,3134,58771
11/1/2006,8326841,164328.5517,185974,1558226,12141,639939,69021,747006,1097005,3177121,,165870,9582,324913,3407,49773
12/1/2006,8419136,124034.8076,200853,1835916,6974,658471,72358,642328,1197441,3237419,,160239,6931,351153,2299,51470
1/1/2007,8268342,82380.29492,195603,1657826,5439,671453,36248,722116,1249539,3257232,,164257,12414,316598,2375,56319
2/1/2007,7830307,100998.855,183018,1619546,9114,617938,69112,670633,1201845,2943711,28336,173431,9242,317643,3650,40704
3/1/2007,9131464,124610.4041,234316,1856817,7325,741794,67418,861904,1366670,3563752,,171508,11211,384967,3312,50849
4/1/2007,8581859,127847.0662,229290,1711550,,726541,56088,788085,1240437,3333600,536,191714,11417,315371,2835,53688
5/1/2007,8663934,128911.1549,211060,1836691,3733,709965,41672,781757,1330300,3149412,18601,205389,9922,337450,2208,53300
6/1/2007,8542850,170867.6786,228155,1846157,3266,724536,37046,709726,1220911,3237439,25350,193887,9394,327282,1950,52361
7/1/2007,8938119,128508.2306,220479,1750187,3271,696213,58775,745981,1384685,3376533,20427,199440,12444,343557,2112,47123
8/1/2007,8958546,185632.3754,236615,1689078,2984,698650,77459,778488,1267948,3430327,29210,200096,13559,355363,1977,45505
9/1/2007,8637622,158034.6473,219152,1646658,6752,720125,62429,770954,1262883,3342351,5440,219879,11734,342987,1646,48769
10/1/2007,8665275,179153.1061,195346,1757575,3288,733383,50755,845382,1311870,3297808,28058,211394,9370,363087,2060,46931
11/1/2007,8285301,152917.5149,193694,1656719,10001,708726,45074,789308,1239370,3116561,24502,167976,10121,332815,1603,45324
12/1/2007,9185372,141312.3296,216567,1681540,6996,769622,42977,780305,1313480,3532489,31907,185348,8911,366279,1307,40544
1/1/2008,8761655,109982.5484,234488,1811046,3725,736531,51641,662466,1525640,3244688,12646,175348,6460,372720,2026,46948
2/1/2008,8567519,122719.0715,233487,1650435,6043,726517,57581,783494,1486993,3551015,6220,129945,10920,365650,2984,49632
3/1/2008,8195075,142289.6754,198280,1697215,6880,664099,72982,656243,1455403,3086030,,175548,11290,326441,1940,42222
4/1/2008,8611251,150535.1265,210695,1643410,5893,672452,59751,705167,1318038,3320984,3100,199051,12073,348929,2564,47943
5/1/2008,9034473,163582.2035,240301,1740432,6997,725312,69414,847257,1291956,3529098,,208854,11952,361581,1912,43937
6/1/2008,8855054,206945.5475,223876,1749461,4761,744343,60244,717829,1403162,3394476,,204637,10386,332661,2490,44570
7/1/2008,9041659,249642.148,254593,1824550,1496,708844,64508,802756,1037031,3549802,55337,243624,11933,343597,1929,34648
8/1/2008,8811713,241286.2873,269834,1609256,6011,617181,70476,631464,1075050,3617036,45638,207107,10477,355994,1781,36731
9/1/2008,8726619,264407.8823,187330,1647937,12423,707187,66475,617486,994130,3619181,52032,195535,12587,303852,1570,32906
10/1/2008,7873922,202710.1646,228701,1601437,3617,675819,64970,523695,969212,3387820,50227,208390,13591,185452,1590,46187
11/1/2008,8129992,118034.0385,261904,1564753,3191,627702,46267,608217,985762,3401132,71204,208275,9434,275874,1301,21872
12/1/2008,8587913,157831.0656,267995,1676288,6929,706533,71891,586729,1162075,3432775,53218,151542,8967,300586,1071,31251
1/1/2009,8301731,94419.34909,243257,1624024,,666277,61766,593653,1091836,3293356,13399,205890,11070,395859,1004,28323
2/1/2009,8022083,129077.5768,240990,1474184,6835,585210,48305,687819,1144963,3152500,,189481,8597,351793,1052,33440
3/1/2009,9056575,152610.6152,253817,1722313,3330,695023,49341,738484,1298002,3634156,15057,215432,7669,359062,1098,45351
4/1/2009,8222612,124092.6182,277584,1609104,10147,638375,56049,646108,950505,3382030,9055,191791,7820,364282,1822,35719
5/1/2009,8614929,155612.3492,267421,1688067,,692120,53367,679360,1168698,3469563,7443,211664,8909,360254,1384,49305
6/1/2009,8735761,167396.8151,179809,1677440,10381,655332,50129,675000,1156229,3667439,28191,190387,8444,324811,3241,39761
7/1/2009,8710548,195297.8497,287992,1747005,8455,659673,54064,689753,1096835,3677766,30220,239601,8338,353755,1668,38237
8/1/2009,9149327,208136.2723,265017,1774908,3020,684023,60999,769100,1258277,3733686,30046,268160,9410,409474,1831,40033
9/1/2009,9011300,205465.8018,284273,1593907,3710,619326,47406,695522,1245355,3649526,18941,242151,11144,346615,1499,46370
10/1/2009,9059606,253568.8052,284767,1555694,,616819,49210,757816,1006779,3872397,21902,207720,8279,352722,1937,42690
11/1/2009,8984524,235877.0121,248285,1641260,,649414,29354,736100,1273967,3603823,,201302,7247,362567,1636,29043
12/1/2009,9188166,168370.7626,250815,1667224,6887,695212,33804,743895,1362311,3762426,,221016,8670,399789,1536,30574
1/1/2010,8951365,172113.175,265771,1840981,13737,672991,57280,475830,1357917,3405854,5419,216693,8129,390470,1110,42570
2/1/2010,8102647,190640.814,235155,1709959,10909,594566,48628,554849,1100364,3114701,11559,205039,9934,368428,1427,33331
3/1/2010,8009805,244305.6737,189376,1730046,6899,608687,29660,299282,954072,3220402,7308,245355,8464,286405,2042,43116
4/1/2010,8250167,201753.6752,198887,1738322,6838,611336,51181,628884,1213412,3305774,19352,264800,8376,380879,1312,42282
5/1/2010,8469759,226969.3556,233845,1654847,5430,677594,57255,639189,1271316,3358405,,197674,8220,382904,1119,38575
6/1/2010,8956782,254937.3215,226462,1699326,6826,642419,46534,770636,1252592,3499557,12423,226539,8020,346433,1493,38495
7/1/2010,9564890,270838.1449,266276,1823667,3392,678327,49924,771979,1190392,3853179,23581,279684,8934,391089,1361,35199
8/1/2010,8782922,277393.5628,265514,1768981,5263,611035,49607,695840,997442,3449788,40159,217877,3601,419039,2592,41909
9/1/2010,8541988,267607.7617,275312,1712772,,591023,33590,580084,1035814,3453879,53575,219918,5832,416327,2634,39783
10/1/2010,8797426,257272.4946,266788,1865318,7252,622437,55282,595438,1134363,3413799,32283,281485,8034,410852,3212,42591
11/1/2010,9267747,205356.9634,307289,1877745,10149,655885,63708,692943,1110313,3659643,21428,283869,9676,412740,3991,41342
12/1/2010,9637388,198092.2664,326297,2084244,13409,687382,60505,646482,1277074,3694283,35247,292963,6976,458986,3163,79956
1/1/2011,9016025,140277.8394,315760,2006278,9844,665387,35712,513826,1111872,3423377,88518,285762,4905,442493,3804,37735
2/1/2011,8273387,172938.5898,296875,1832518,7026,600386,55072,487527,1081647,3272774,35030,285446,5012,422617,1193,36672
3/1/2011,9467794,160967.1422,328633,2049443,3674,649407,52890,588161,1096299,3820353,45536,290147,6909,456536,3006,43442
4/1/2011,8806604,175016.1388,299073,1930023,7667,569385,44519,503582,1113397,3487752,50481,268691,8634,417222,1483,34569
5/1/2011,9554507,203078.131,325748,2201339,3663,699966,59327,517533,1157375,3680443,23447,303702,11062,474138,1293,35049
6/1/2011,8088838,242882.2696,299289,1833550,7427,746716,57375,502144,889750,3601106,19348,157417,8806,413397,1344,41237
7/1/2011,8691495,266137.7247,310916,2016171,8826,719069,42003,589522,858757,3725667,20896,222863,9278,451618,1586,40612
8/1/2011,9278110,226059.0812,322459,2078790,13803,598263,55793,471258,1101072,3682113,40681,290728,10268,473425,1130,35355
9/1/2011,8958355,245391.7977,283867,2061414,3949,632290,50139,491416,1098385,3545415,42050,536096,9059,428752,3445,35103
10/1/2011,9623001,253902.6429,315559,1973253,3809,684751,42723,587680,1251693,3951871,31278,258357,8183,433201,2620,22131
11/1/2011,9266615,204058.513,320586,1918640,3796,700665,50953,529378,1184672,3478963,10095,232260,11899,503737,1715,19874
12/1/2011,9174470,173834.1364,337519,2046632,6682,692937,56014,560382,1263564,3718479,40852,240823,6275,478041,1479,19744
1/1/2012,9175861,147744.5967,308261,2189964,8913,698640,45977,585313,1151406,3589974,9986,267837,8337,459523,1816,21163
2/1/2012,8478237,186347.0655,322968,2060189,3498,648133,35092,573609,1067839,3586242,41891,272990,8896,440246,1445,23702
3/1/2012,9457279,208508.0429,365434,2227777,7064,699401,45002,546373,1022305,3765604,5155,284057,11562,473752,1161,22186
4/1/2012,9192698,203457.9083,350346,2211711,3600,650868,51894,537723,1145136,3639882,42174,288257,10133,455830,2409,18831
5/1/2012,9236438,173257.2651,355689,2211169,3562,777917,48563,537998,1179778,3851406,1453,203885,10491,448065,990,27681
6/1/2012,9001642,238632.6816,354831,2138433,3626,698536,56694,661470,1079601,3868281,25736,266297,10517,440585,2054,8503
7/1/2012,9475230,237196.3887,383129,2190185,2884,733620,60438,524149,1102018,3863872,,289535,8672,434117,2245,18826
8/1/2012,9906992,279544.9543,425214,2270505,13310,702019,60168,558942,1156841,3890241,28261,267635,11030,451239,2635,24898
9/1/2012,9515300,257098.6951,404307,2146593,8530,671755,59898,538146,1088759,3935916,23052,252769,11647,454444,2564,28682
10/1/2012,9613970,256288.2678,382622,2199188,6163,662117,59162,445465,1232993,3726888,63514,278396,10797,427049,2822,29447
11/1/2012,9257587,207557.9149,387305,2122852,6303,649051,42984,430172,1114807,3844061,94271,267930,12582,447980,2095,26728
12/1/2012,9803044,174000.9967,412243,2262254,10153,728327,42107,466489,1349601,3941638,50852,252248,8779,489939,1648,34902
1/1/2013,10170285,146412.6909,409170,2305142,4117,693447,61042,554008,1453039,4121917,47869,298454,7549,483660,2409,31870
2/1/2013,9129362,142748.3623,354498,1981895,6930,604170,56669,506857,1246183,3662052,34212,267258,9315,404349,1203,32141
3/1/2013,10222333,153642.494,420910,2218077,7043,697584,63189,585755,1355165,4263753,29724,280982,10482,516549,1716,36324
4/1/2013,9899402,186015.3795,407010,2338883,6905,711763,54433,452861,1171995,4114048,42854,244768,9254,458920,943,38903
5/1/2013,10307499,240643.7216,416227,2547099,10876,750098,64931,427357,1143762,4316592,32354,239059,9619,507938,1281,42284
6/1/2013,9965699,230331.4906,378027,2386944,6450,658495,61555,448813,1182673,3969111,20981,243100,11632,476510,1293,38170
7/1/2013,10483345,247516.5967,399436,2539279,6969,677978,59060,347559,1325283,4313743,9866,233881,11608,495747,1036,32488
8/1/2013,10175480,261774.0515,448366,2547379,10080,676981,37964,433356,1138134,4421952,,264960,10097,486911,1655,43414
9/1/2013,9398156,245117.6247,399774,2421396,7033,606189,42870,341582,1066041,3968272,,245969,11068,389687,1126,40509
10/1/2013,9453941,284566.5921,380602,2548704,10418,637850,57502,357924,1118945,4051871,,233094,9794,342794,797,44479
11/1/2013,10133780,279921.6261,407971,2444939,6800,625156,67964,471901,1267534,4178500,3951,254321,10258,495554,1121,37481
12/1/2013,9932787,234657.2741,388520,2333635,10064,606417,62035,426041,1292522,4157375,26283,249159,11970,495772,814,31018
1/1/2014,9989247,206703.7933,374581,2325547,12585,622631,55731,495928,1321866,3918413,29251,256351,11669,513298,1381,34238
2/1/2014,8950527,261623.9668,364992,2201106,6874,514302,48607,385689,1237791,3587514,35616,224528,9522,443238,991,32492
3/1/2014,10546065,229195.3009,424948,2405370,7074,646542,57332,480313,1523128,4268645,39485,273697,12976,542067,1197,36494
4/1/2014,10101536,245864.6635,420157,2310722,10619,607428,65916,475852,1396043,4189359,30905,283632,8899,464212,1111,30048
5/1/2014,9857029,269711.986,414831,2429498,4019,670545,50573,363474,1272088,4001846,26486,239297,11110,512591,1251,32592
6/1/2014,10403835,267519.3197,402174,2458857,5898,679618,64639,466591,1420929,4231069,,263497,11347,503374,1059,32390
7/1/2014,10680026,287865.441,411889,2485203,6068,663048,59212,480832,1383442,4437779,24646,274287,12520,521952,750,29230
8/1/2014,10638861,329384.8727,396017,2573642,14507,663875,40149,384313,1442142,4198106,61517,266868,12475,569824,531,28064
9/1/2014,9909326,333898.2597,377008,2417478,10162,624895,64113,343829,1301568,4089690,31298,245258,8681,481528,898,26190
10/1/2014,10448822,319418.2709,378840,2453624,6943,644090,53429,335690,1356471,4296071,40831,275895,10817,484554,964,36587
11/1/2014,10227246,296607.9104,390784,2445875,3601,616201,58730,412979,1255764,4220215,93432,272719,12294,530044,1014,35018
12/1/2014,10512419,201058.8881,392643,2364964,5412,625408,63623,447057,1356659,4236351,46750,285823,12326,512432,858,25278
1/1/2015,9346210,138145.517,389486,2185201,9385,636680,61015,414779,1173628,3860184,25879,185006,10184,527561,708,31982
2/1/2015,8471579,105163.7173,359692,2026243,3417,594483,60754,274182,1099331,3522225,,207175,9039,448037,652,31241
3/1/2015,9676967,157051.5667,397021,1959332,10290,637734,51223,392039,1427068,4068457,27399,205274,11724,453371,869,32456
4/1/2015,9488490,155208.9779,432406,2017156,6298,582908,56918,426986,1302757,3979112,34176,234653,9153,448444,670,28808
5/1/2015,10196515,168309.0613,431068,2277917,7017,624973,52050,471677,1299725,4427701,40359,270287,12988,474000,982,31741
6/1/2015,9982384,170867.4761,399828,2163185,6923,619321,50687,497146,1251528,4254604,66458,241675,13104,477876,728,31352
7/1/2015,10219995,183125.876,406624,2214111,9042,659961,70667,494221,1256368,4269605,71617,223604,14949,529841,333,31369
8/1/2015,9975628,244887.6872,437872,1998893,7036,618562,69947,440263,1237185,4317505,25582,189019,14256,499139,528,27601
9/1/2015,9792639,173735.067,433489,2179941,6038,624246,52059,357866,1072592,4470985,27476,229591,12489,452223,522,32891
10/1/2015,9718943,191938.9522,444915,2264801,35,613972,56005,316851,1075003,4411377,21660,249249,13617,473065,561,39313
11/1/2015,8960248,183180.6784,388836,2156774,3406,585348,38053,242619,1075239,3917719,14255,211316,7154,420896,541,17221
12/1/2015,9305178,143751.6623,437382,2284630,3599,628221,21111,280188,1068870,3958134,8799,237739,8276,452406,302,18046
1/1/2016,9556643,115347.153,446321,2246717,,617657,36519,291464,1022495,4340058,20236,250450,14533,508663,783,20814
2/1/2016,8713271,157861.4649,373942,2146908,7308,563066,48346,311604,1050842,3737505,20451,225748,9445,457101,447,29088
3/1/2016,9060363,147164.726,417138,2292737,6836,632470,57629,268990,1011971,3917051,19910,262075,16163,465184,608,31609
4/1/2016,9079993,181154.1198,490112,2301414,3794,651981,46782,277681,964038,3923990,2373,200147,14417,428924,656,29761
5/1/2016,8984418,176230.8659,460033,2212156,,629824,56813,282826,835281,3896197,,234227,12422,387150,682,26529
6/1/2016,9123709,203714.6045,448114,2084140,6776,578869,62170,271725,912898,3924724,3005,257758,12829,511390,857,30020
7/1/2016,9103539,221913.0946,460337,2220364,6732,573237,65234,264153,928978,3705479,5907,229178,16209,548155,680,24359
8/1/2016,8972688,216292.4205,434458,2110612,6942,637072,53081,292188,939818,3863525,8208,189289,15083,516929,465,30058
9/1/2016,8360353,225438.547,395326,2091386,7054,643548,35039,259786,910149,3595229,12318,212617,15330,435265,355,28725
10/1/2016,9288332,206214.47,453311,2336556,3904,634536,53596,261229,955986,3971110,10882,223572,8849,546078,579,27374
11/1/2016,8343742,172913.3057,342351,2193446,2890,585558,48282,192538,896007,3417354,7795,202280,13944,506543,992,28176
12/1/2016,7960550,127830.3177,355144,2277795,1666,581909,53039,201252,1078276,3077585,9318,180952,13142,477896,562,24941
1/1/2017,8374995,149134.1252,417621,2240121,4760,624900,55022,217264,1049734,3314716,3504,261365,7764,543195,443,18999
2/1/2017,7792869,122221.3153,386437,2057290,4015,572900,32156,216287,1034944,3090867,4461,228688,5014,490564,549,27157
3/1/2017,8681038,117596.713,438880,2376196,6910,583740,34384,265331,959344,3510738,5075,219482,11335,505903,533,23684
4/1/2017,8522936,128686.6777,414828,2283622,3449,579661,55938,242869,1040599,3469239,37653,218162,10579,496604,483,13753
5/1/2017,8520878,143315.651,415289,2095614,3469,589558,63978,222535,1046621,3503426,4623,200225,14272,451291,531,34168
6/1/2017,8143678,165002.5565,390408,2153556,6871,619601,58442,219974,861606,3319345,,209212,11235,499828,242,26598
7/1/2017,8299479,209584.4948,423074,2381308,2974,687653,53347,202719,869015,3399743,7393,208037,9903,505434,586,25596
8/1/2017,8386565,156260.2869,402360,2234687,3767,661040,27320,195212,1024362,3367737,,180198,9612,493532,434,28271
9/1/2017,8672840,206941.6759,422342,2145406,7125,593679,56202,305969,993318,3434036,,211778,9832,491959,630,28736
10/1/2017,8725460,190153.4509,422704,2205806,3474,667858,58158,320738,1035677,3520994,,250754,7485,558166,422,32020
11/1/2017,8554291,189551.26,379733,1967380,6979,595966,44092,369221,931628,3394375,,209210,12427,534189,318,26946
12/1/2017,8144393,176979.2044,414852,2186622,5869,668619,54498,308185,844441,3300613,,225957,10593,597935,660,36029
1/1/2018,7896828,120975.8271,354732,2098028,7881,595511,56836,287803,940404,2941940,,241825,12526,681509,523,28413
2/1/2018,7152542,126699.7275,352909,1893924,10365,579351,51509,286640,848601,2777597,,241382,13011,527169,400,27412
3/1/2018,8025883,156293.4832,405880,1933967,2349,620772,40772,272408,875008,3303556,,202408,12189,513682,486,25292
4/1/2018,8627833,148630.3125,384821,2009751,3382,608872,53863,346037,1029721,3380686,,219119,7128,569354,545,30029
5/1/2018,9074485,158921.3094,431194,2111951,2508,641086,48434,329389,932758,3853552,,208638,11959,553007,312,25354
6/1/2018,8688646,167964.4674,371974,2058398,7042,648585,55945,264636,936880,3746955,,191202,10681,533852,722,24871
7/1/2018,9126804,185229.5798,384274,2013057,6959,646254,37972,462280,1022444,3943519,,237159,11719,556399,478,30142
8/1/2018,8509744,183016.4022,344702,1918261,3697,644336,52636,416516,895801,3665201,,209290,13303,450297,550,26983
9/1/2018,8053168,188482.2887,338246,1964622,,625792,52798,462280,765620,3466066,,195272,6093,453219,426,21051
10/1/2018,8664174,173773.3769,388958,2045216,,647636,50355,344785,829869,3842669,,235112,13131,488884,435,23268
11/1/2018,8125560,155572.7323,344710,1844694,1392,604081,49476,317311,780739,3591139,,164448,2524,503606,439,29551
12/1/2018,8233875,134256.5862,366171,1919501,645,573352,52285,256399,893203,3444509,,204133,11934,545355,420,32354
1/1/2019,8142328,105705.9389,372135,1959122,,597079,24877,343767,963632,3182194,,225236,9575,600112,465,23274
2/1/2019,7709364,130011.8797,331205,1902778,,537746,40775,276778,1008370,3082725,,262915,8699,516467,293,27680
3/1/2019,8456204,102290.0088,419061,2003277,,575455,44682,372855,958779,3567865,,232552,7763,494016,483,27660
4/1/2019,8515272,102616.3632,378247,1929652,,591826,60122,411339,768049,3503933,,189012,16057,468041,529,27005
5/1/2019,8474289,124071.0077,407800,1939564,,618944,53954,410084,925992,3551002,,223417,10907,564915,469,17935
6/1/2019,8172193,144976.4201,373107,1989413,,580321,53516,358550,781795,3479117,,243121,10103,486252,478,24370
7/1/2019,8723100,161589.2682,336865,2230347,,709736,54398,334364,785439,3511568,,250892,10194,532775,214,26546
8/1/2019,9013166,210771.0166,356230,2198053,,682363,50839,300554,981918,3608933,,263183,10617,500207,526,26902
9/1/2019,8704804,189466.1898,329903,1927199,,631179,32167,428585,1006629,3373384,,215931,11525,445536,269,26369
10/1/2019,7959265,136560.0229,339778,1951267,,559691,39201,397508,1153203,3296529,,212532,12003,394756,424,30065
11/1/2019,8365846,153782.1873,350292,1881799,,578462,53998,381669,1217930,3329876,,156255,9050,446411,438,27431
12/1/2019,9187397,159696.354,417264,2041466,,612214,57534,464080,1315242,3511379,,234256,7638,617186,247,22417
1/1/2020,8971746,138330.208,363158,1918541,,622574,59462,574534,1380233,3386057,,252186,8918,585247,405,18389
2/1/2020,8123732,138898.1882,304882,1824066,,594186,48502,516598,1322338,3282044,,157202,3636,514798,273,28200
3/1/2020,8641502,167402.2686,366685,1728705,,601544,42668,584098,1581832,3203624,,183201,7621,461975,465,18730
4/1/2020,6387715,138107.0905,292248,1186221,,566962,27227,611379,1262790,2620803,,152794,6546,85382,224,24870
5/1/2020,8228244,173784.5203,331662,1541303,,631169,28047,612350,1709510,3342669,,122776,9450,62722,520,23708
6/1/2020,8312010,188220.4703,367460,1691989,,610736,22237,514185,1248061,3559991,,162447,8454,150453,342,29281
7/1/2020,8872591,216331.5897,374734,1896259,,669490,25040,530853,1373080,3842899,,211646,4754,192852,525,25861
8/1/2020,9466330,219570.1194,396453,1994745,,671860,34296,505184,1496219,4018009,,209881,10018,211866,485,35770
9/1/2020,8879578,250274.573,372999,2003893,,614406,31098,432258,1447017,3859881,,205462,4528,166270,573,30424
10/1/2020,9240001,274265.589,432735,1904667,,589630,35470,498620,1430046,3992985,,207629,3151,239222,736,21597
11/1/2020,8846519,222646.6064,362244,1952633,,594591,50016,421897,1473663,3556047,,204102,2829,301266,385,22998
12/1/2020,8945523,190444.0112,367152,2062302,2216,576852,50616,392734,1513760,3550113,,216287,3693,360717,373,33358
1/1/2021,8733415,150452.6324,392119,2145075,984,568869,51871,317987,1331946,3502674,,211593,3162,396965,499,30274
2/1/2021,8459098,159857.0794,392500,1951766,5939,553004,52085,418228,1279046,3280239,,192358,2665,325582,498,32236
3/1/2021,8725466,135492.8667,325328,1777929,3686,578025,48105,492842,1581535,3565161,,202104,3225,246753,375,28595
4/1/2021,7030753,113519.3716,320105,1780170,1385,532982,49007,348375,1134344,3369192,,203651,2684,167367,555,32650
5/1/2021,8157099,150214.4804,371348,2099368,6357,519931,42632,339456,1204532,3551387,,226999,5103,157582,427,23407
6/1/2021,8788030,151053.849,346326,2134583,10271,569246,42690,322061,1463761,3501904,,207733,1526,297998,608,35392
7/1/2021,9325243,166227.6833,394095,2198797,6779,688993,61693,449221,1460297,3821294,,172230,2947,354572,574,34726
8/1/2021,9007907,195377.4451,353474,2225712,6037,624296,61783,401225,1519514,3615320,,194741,3481,384958,715,37526
9/1/2021,9071962,176527.6745,366649,2323426,3120,653262,48271,341476,1293558,3502790,,192439,6969,382941,417,39989
10/1/2021,9724835,177591.0382,387832,2303913,3462,646304,62905,440114,1607686,3912081,,216659,8550,459812,310,33085
11/1/2021,9087300,150091.9627,319912,2225213,3388,636785,52136,344910,1553365,3610818,,179475,8562,440787,292,42879
12/1/2021,9407582,130973.7118,397717,2236911,4490,656458,48485,407155,1523246,3620120,,175822,8241,458787,284,37203
1/1/2022,9243646,127038.9069,413765,2253896,4399,666697,49409,390755,1501272,3763778,,205873,6640,471382,389,29900
2/1/2022,8609131,125156.2833,356008,1914950,1783,529214,44043,409480,1418213,3471945,,195659,6152,421485,502,26860
3/1/2022,9772823,177278.7196,397164,2242106,,647595,49438,460694,1553233,3867470,,201207,8125,395349,803,34222
4/1/2022,9528716,180952.5973,385003,2196489,3239,645885,46071,540248,1471712,3807842,,211690,4802,438766,613,46489
5/1/2022,9456095,188732.3176,407152,2162746,5493,614380,50447,486947,1496641,3845126,,200070,7579,420339,614,41331
6/1/2022,9483532,225579.3157,401266,2149078,3482,596353,27067,455577,1511116,3866179,,204642,10264,409149,511,35900
7/1/2022,10070094,228572.6431,439989,2223206,6904,680123,41163,594780,1690202,4139514,,197050,6064,422395,1280,36358
8/1/2022,9727793,253828.3814,353409,2328188,3373,686437,58523,543884,1522216,3912299,,228746,10348,356096,659,31643
9/1/2022,8767128,248663.7765,288310,2160851,8407,640666,50927,444448,1470231,3561334,,188086,6558,359981,693,23466
10/1/2022,9025519,251737.8333,333213,2256808,4951,628957,52365,489046,1607202,3762855,,175685,6709,344504,978,24723
11/1/2022,8917810,229923.4245,320773,2102729,5250,593510,50738,518516,1500227,3784979,,161097,7406,346480,698,14848
12/1/2022,9697413,162057.099,406558,2352253,7369,757854,56249,474711,1623228,3746111,,164879,3489,468356,771,26198
1/1/2023,9607144,164528.8237,367154,2280961,4413,642759,56215,483374,1467811,3704301,,201259,2012,413274,639,34137
2/1/2023,8545651,162775.3997,343970,2134068,2992,582912,49933,377911,1470895,3284116,,177330,7438,441297,233,24791
3/1/2023,9263900,202344.9955,362896,2283352,,659424,35342,453086,1704134,3709576,,194922,10428,457039,676,34989
4/1/2023,9342752,195530.7471,334104,2162173,,649404,50436,466288,1605562,3760723,,162593,9855,493001,834,25239
5/1/2023,10062897,233117.7777,371633,2328408,,711534,52633,461139,1758775,4057859,,178875,3585,428083,516,36970
6/1/2023,9895022,241834.1265,366900,2427816,7078,704575,54154,516826,1733611,4051050,,181209,2782,396121,497,44937
7/1/2023,9992334,288802.6814,406113,2517532,6925,745407,49759,587242,1403170,4165705,,201820,10705,438395,758,42545
8/1/2023,10149438,268599.6381,420799,2579562,3487,732018,41969,402694,1381897,4296350,,206893,3404,479721,455,42970
9/1/2023,9856074,241363.3118,403113,2494816,7072,694869,25191,516292,1486738,3968457,,217487,5372,448448,736,52765
10/1/2023,10160070,210432.4039,403340,2426402,3586,685838,22516,522697,1506057,4310058,,194413,3934,448619,457,39896
11/1/2023,9580268,243913.2044,370736,2386837,3577,665552,32226,521956,1494990,3854242,,194018,13009,488600,1007,42606
12/1/2023,9829871,206796.7392,407461,2508519,,662854,43060,362460,1452519,4114773,,196331,9938,505849,133,41456
1/1/2024,10040432,157727.1228,414458,2615687,,652567,64363,366465,1657959,3964683,,184751,11937,539354,537,40330
2/1/2024,9176989,193273.5824,375928,2221031,6510,614912,56157,458885,1434721,3757220,,184711,12291,498483,489,41927
3/1/2024,9750752,231825.5534,374407,2293701,,670842,57766,498506,1531511,3895354,,172930,7645,509259,489,38184
4/1/2024,9226294,203621.648,368771,2301964,7022,599241,54511,454747,1453394,3815040,,169279,10212,420563,665,44412
5/1/2024,9455625,220045.4805,369587,2450137,459,669110,44269,404905,1382286,3939658,,217308,12906,467474,576,33766
6/1/2024,9415791,258510.1922,371018,2572900,7038,653812,51932,399011,1323881,4076004,,206119,9284,491648,421,32746
7/1/2024,9843919,267550.0637,393508,2591196,10688,718948,54066,481782,1366601,4070922,,192055,6649,522835,400,42709
8/1/2024,9867299,265831.0539,376107,2549716,7057,683076,48021,535224,1439437,4180515,,206984,10072,427167,458,33245
